,100,101,102,103,104,105,106,107,108,109,110,111,112,113,114,115,116,117,118,119,120,121,122,123,124,125,126,127,128,129,130,131,132,133,134,135,136,137,138,139,140,141,142,143,144,145,146,147,148,149,150,151,152,153,154,155,156,157,158,159,160,161,162,163,164,165,166,167,168,169,170,171,172,173,174,175,176,177,178,179,180,181,182,183,184,185,186,187,188,189,190,191,192,193,194,195,196,197,198,199,200
50,0.330922305,0.333071631,0.331749853,0.333325282,0.329788797,0.332326515,0.33495394,0.33561289,0.336252061,0.337285892,0.338023426,0.337388943,0.339770463,0.340225472,0.342561454,0.344371731,0.344125181,0.34615991,0.347964446,0.35018445,0.349835868,0.347242619,0.348104708,0.346551511,0.348914722,0.348282558,0.350340771,0.351171258,0.351809742,0.352194165,0.35254109,0.348637456,0.349932268,0.352211137,0.354297033,0.355215126,0.357446116,0.359540284,0.358337484,0.356818346,0.358957535,0.355548906,0.356266312,0.358440435,0.358246209,0.360139448,0.36051855,0.358522978,0.360344703,0.362012023,0.363876738,0.366001331,0.346489655,0.347332325,0.347118703,0.349187409,0.350756335,0.348099341,0.350169347,0.35121456,0.347187057,0.347953797,0.344976197,0.34481447,0.346561744,0.345196458,0.347250234,0.344918475,0.346957755,0.342770577,0.344586583,0.346597119,0.348279827,0.347066101,0.346994771,0.348707587,0.349917808,0.351775667,0.352896924,0.354653954,0.354930172,0.356357458,0.358213765,0.360020739,0.359349201,0.358593867,0.359337959,0.360065632,0.359901562,0.359973702,0.361839189,0.363514485,0.363066639,0.364930921,0.364897294,0.363225284,0.364207993,0.365947068,0.3656727,0.359470153,0.343220941
51,0.328450419,0.330618379,0.329301145,0.33089267,0.327351787,0.329909246,0.332556611,0.333227593,0.333878625,0.334925766,0.335675353,0.335047512,0.337447268,0.337912962,0.340266754,0.342092699,0.341853877,0.343904916,0.345724771,0.347961541,0.347619979,0.345025322,0.345898859,0.344348078,0.346728141,0.346101692,0.348175433,0.349016853,0.349665493,0.350059078,0.350414963,0.346504935,0.347812031,0.350106611,0.35220742,0.353136179,0.355382398,0.357491207,0.356291377,0.35477408,0.356927847,0.353514429,0.354241357,0.35642996,0.356241976,0.358148562,0.358535753,0.356540137,0.358374759,0.360054367,0.361931952,0.3640702,0.344499727,0.345351838,0.345144087,0.347226181,0.348806758,0.346147437,0.348230629,0.349285594,0.345251256,0.34602677,0.34304577,0.342889748,0.34464883,0.343285299,0.345351743,0.343018604,0.345070388,0.340875932,0.342703644,0.344726424,0.346420271,0.345208563,0.345142798,0.346866684,0.348086352,0.349955598,0.351085905,0.35285388,0.353136447,0.354573553,0.356440925,0.358258747,0.357590503,0.356838191,0.35758979,0.358324876,0.358165512,0.358243033,0.360119192,0.361804533,0.36136041,0.363235193,0.363206441,0.361534486,0.362524989,0.364274012,0.364003699,0.357788049,0.341496857
52,0.325829149,0.328016498,0.326704444,0.32831279,0.324768063,0.327346005,0.330014046,0.330697731,0.331361285,0.332422404,0.333184698,0.332564106,0.334982789,0.335459797,0.337832077,0.339674346,0.339443843,0.341511844,0.343347658,0.345601838,0.345267863,0.342672297,0.343557874,0.342010031,0.344407568,0.343787371,0.345877244,0.346730165,0.347389517,0.34779281,0.348158196,0.344242199,0.345562136,0.347873005,0.349989293,0.350929251,0.353191262,0.355315265,0.354118871,0.352603874,0.354772759,0.351354958,0.352091908,0.354295521,0.354114249,0.356034698,0.356430454,0.354435214,0.356283235,0.357975626,0.359866577,0.36201898,0.342389717,0.343251735,0.343050291,0.345146259,0.346738956,0.344077683,0.346174537,0.347239702,0.343198865,0.343983591,0.340999545,0.340849641,0.342620978,0.341259583,0.343339143,0.34100498,0.343069711,0.338868292,0.340708141,0.342743596,0.344449005,0.343239678,0.343179861,0.344915232,0.346144748,0.348025792,0.349165544,0.350944867,0.351234158,0.352681476,0.354560309,0.356389373,0.355724768,0.354975821,0.355735293,0.356478155,0.356323844,0.356407094,0.3582943,0.359990057,0.359549989,0.361435643,0.361412099,0.359740503,0.360739147,0.362498477,0.362232539,0.356004006,0.339670886
53,0.32376254,0.325967182,0.324658113,0.326281195,0.322730391,0.325326796,0.328013511,0.328707847,0.32938189,0.33045498,0.331227978,0.330612605,0.333048292,0.333534647,0.33592352,0.337780215,0.337556086,0.339639186,0.3414891,0.343758859,0.343430579,0.340832162,0.341727947,0.340181157,0.342594405,0.341978626,0.344082885,0.344945539,0.345613844,0.346025089,0.346398232,0.342474424,0.343805507,0.346131007,0.348261125,0.349210611,0.351486788,0.353624367,0.352429721,0.350915337,0.353097757,0.349673862,0.350419237,0.352636309,0.352460151,0.354392927,0.354795685,0.35279921,0.354659122,0.356362794,0.358265622,0.360430705,0.340740698,0.341611142,0.341414511,0.343522919,0.345126301,0.342461555,0.344570663,0.345644607,0.341595752,0.342388281,0.339399712,0.339254516,0.341036747,0.339676071,0.341767409,0.339430803,0.34150716,0.337297336,0.339148013,0.341194847,0.342910521,0.341702229,0.341647044,0.343392629,0.344630718,0.346522306,0.347670241,0.349459672,0.349754422,0.351210718,0.353099796,0.354938888,0.354276673,0.353529843,0.354295979,0.355045414,0.354894941,0.354982719,0.356879811,0.358584824,0.35814762,0.360043002,0.360023497,0.358351068,0.359356716,0.361125231,0.360862522,0.354619866,0.338243415
54,0.322568361,0.324786875,0.323477283,0.325111717,0.321551311,0.324162878,0.326864996,0.327566674,0.32824792,0.329329733,0.330110205,0.329496803,0.331946363,0.332438898,0.334841277,0.336709319,0.336488447,0.338583619,0.340444622,0.342726983,0.342401368,0.339797029,0.340700074,0.33915134,0.341577435,0.340963148,0.343078962,0.343948503,0.344622931,0.345039312,0.345417414,0.341482904,0.342822403,0.345159848,0.347301121,0.348257451,0.350545162,0.352693699,0.351498117,0.349981673,0.352175065,0.348742394,0.349493632,0.351721654,0.351548061,0.35349068,0.353897938,0.351897687,0.353767056,0.355479587,0.357391892,0.359567276,0.339813665,0.340690162,0.340495962,0.342614493,0.344226247,0.341555639,0.34367473,0.344755176,0.340695928,0.341494006,0.338498593,0.338355858,0.340146794,0.338784595,0.340885555,0.33854427,0.340630124,0.336409652,0.33826905,0.340325173,0.342049028,0.340839643,0.340786996,0.342540749,0.34378537,0.345685484,0.346839583,0.348637125,0.348935323,0.350398621,0.352295984,0.354143159,0.353481351,0.352734669,0.353505535,0.354259623,0.354111064,0.354201459,0.35610657,0.357818981,0.357382755,0.359286031,0.359268707,0.357593572,0.358604405,0.360380313,0.360119014,0.353860325,0.337438476
55,0.322235738,0.324464708,0.323151086,0.32479349,0.321219957,0.323843391,0.326557644,0.327263358,0.327948527,0.329035821,0.32982054,0.329205862,0.331666169,0.332161723,0.334574528,0.336450845,0.336230118,0.338334342,0.34020343,0.342495423,0.34216945,0.339556125,0.340463487,0.33890982,0.341345907,0.340730191,0.342854736,0.343728329,0.344406057,0.344824767,0.345205039,0.341256945,0.342602137,0.344948848,0.347098613,0.348059112,0.350355733,0.35251262,0.351313428,0.349792262,0.351994074,0.348549953,0.349304502,0.351540976,0.351367407,0.353317399,0.353726666,0.351720108,0.353596511,0.355315491,0.357234883,0.359418199,0.339598133,0.340478319,0.340284178,0.342410529,0.344028356,0.341349506,0.343476322,0.344561002,0.340488998,0.341290382,0.338285815,0.33814331,0.339940772,0.338574819,0.340683257,0.338335072,0.340428306,0.336194954,0.338060978,0.340124311,0.341854277,0.34064168,0.340589492,0.342349381,0.343598504,0.345505139,0.346663396,0.348467067,0.348766716,0.35023505,0.352138755,0.353992078,0.353328707,0.352580215,0.353353894,0.354110725,0.353962168,0.354053283,0.35596456,0.357682524,0.357245403,0.359154752,0.359137767,0.357458063,0.358472278,0.360253798,0.359992103,0.353715485,0.337246181
56,0.342371758,0.344527037,0.343125808,0.344693386,0.341024433,0.343578308,0.346223929,0.346853497,0.347463045,0.348476924,0.34918761,0.348493953,0.350888009,0.351310126,0.353657558,0.355466923,0.355171635,0.357210849,0.359014525,0.361243226,0.360844452,0.358150183,0.35899055,0.357361106,0.359736986,0.359050083,0.361114198,0.361923159,0.36253601,0.362889364,0.363204621,0.359176132,0.360460835,0.362751139,0.364844192,0.365744095,0.367985362,0.370086791,0.368820551,0.367231669,0.369379447,0.365861723,0.366557973,0.368741755,0.368507437,0.370404502,0.370755859,0.368683434,0.370507813,0.372174586,0.374042814,0.376176218,0.356231736,0.35705852,0.35680771,0.358885585,0.360453556,0.357710812,0.35979018,0.360824265,0.356684925,0.357435502,0.354367943,0.354172243,0.355923196,0.354500734,0.35656431,0.354157131,0.356206078,0.351908382,0.353730023,0.355749888,0.3574356,0.356169689,0.356068197,0.357784809,0.35898932,0.360853686,0.361967597,0.363729211,0.363982392,0.365408165,0.367270915,0.36908338,0.368371682,0.367574897,0.36830522,0.369018907,0.368824723,0.368871212,0.370743614,0.372422355,0.371939794,0.373810978,0.373750323,0.372022274,0.3729964,0.374740331,0.374435259,0.36809788,0.351538366
57,0.342566629,0.344730008,0.343322178,0.344895376,0.341210623,0.343774123,0.346429662,0.347060939,0.347672102,0.3486892,0.349401871,0.348704612,0.351107298,0.351530214,0.353885988,0.355701528,0.355404178,0.357450396,0.35926011,0.361496439,0.361095167,0.358389658,0.359232309,0.357595778,0.359979737,0.35928934,0.361360289,0.362171351,0.362785557,0.363139295,0.363454793,0.359410574,0.360699124,0.362996917,0.365096688,0.365998936,0.368247375,0.37035542,0.369083679,0.367488183,0.369642691,0.36611156,0.366809386,0.368999973,0.368763926,0.370666728,0.371018396,0.368937863,0.370767675,0.372439299,0.374313037,0.376452821,0.356439326,0.357268216,0.357015845,0.359100037,0.360672565,0.357919882,0.360005505,0.36104232,0.356888504,0.357640892,0.354562531,0.354365546,0.356121607,0.354693848,0.356763516,0.354347876,0.356402836,0.352090641,0.353917554,0.355943291,0.357633772,0.356363198,0.356260769,0.357982204,0.359189892,0.36105949,0.362176248,0.363942715,0.36419602,0.365625557,0.367493401,0.369310774,0.368596186,0.367796269,0.368528147,0.369243331,0.369047874,0.369093828,0.370971214,0.372654326,0.372169619,0.374045718,0.373984181,0.372250293,0.373226633,0.374975043,0.374668378,0.368311674,0.351702972
58,0.35247316,0.35460441,0.353149959,0.354689188,0.350949195,0.353483408,0.356110274,0.356704914,0.357279655,0.358262253,0.358939482,0.358201447,0.360575981,0.360963143,0.363291055,0.365076832,0.364741698,0.366759544,0.368540192,0.370749324,0.370310921,0.367559736,0.368370603,0.366693103,0.369051633,0.368324397,0.370369166,0.371149524,0.371732521,0.372054315,0.372337962,0.368246041,0.369506845,0.371780792,0.373856168,0.374729845,0.376954796,0.379039017,0.377731465,0.376099254,0.378230704,0.374656444,0.375326444,0.377494676,0.377227887,0.379107667,0.379431051,0.377313956,0.379121038,0.380769542,0.382621016,0.384739604,0.36462919,0.365432957,0.365151956,0.367215633,0.368766056,0.365976855,0.368042439,0.369055842,0.364861468,0.365589867,0.362474993,0.362251244,0.363987141,0.362528912,0.36457974,0.362130771,0.364167134,0.359815857,0.361623743,0.363631215,0.365302472,0.364003339,0.363876252,0.365578976,0.366766445,0.36861804,0.369714541,0.371462915,0.37169351,0.373104144,0.374954563,0.376754463,0.376014696,0.375189491,0.375900936,0.37659576,0.376377291,0.376401107,0.378262039,0.379928209,0.379420133,0.381280092,0.381196711,0.379436117,0.380393977,0.382126306,0.381797577,0.375401092,0.358722689
59,0.353635425,0.355770713,0.354305387,0.355846202,0.352086057,0.354625997,0.357258921,0.357851309,0.358423735,0.359405682,0.36008104,0.359335485,0.361714962,0.36209914,0.364431763,0.36622008,0.365879149,0.367900434,0.369683571,0.371896834,0.371452308,0.368686152,0.36949581,0.367807612,0.370170872,0.369436642,0.37148493,0.372264027,0.372845033,0.373163876,0.373444454,0.369333279,0.370594723,0.372873031,0.374952008,0.375824874,0.378053934,0.380141725,0.378825471,0.377183454,0.379318657,0.375727746,0.376396318,0.378568445,0.378296919,0.380179554,0.380500311,0.378372076,0.380181767,0.381832312,0.383686515,0.385808734,0.365625538,0.366428646,0.366143288,0.368210612,0.369762918,0.366960926,0.369030152,0.370043641,0.365831935,0.366559528,0.363431083,0.363203428,0.364941912,0.363475745,0.365530192,0.363070114,0.36511005,0.360741584,0.362552325,0.364563278,0.366236912,0.36493062,0.364800164,0.366505368,0.367693667,0.369548186,0.370645212,0.372396157,0.37262455,0.374036683,0.375889961,0.377692546,0.376947584,0.376116953,0.376827733,0.377521846,0.377299877,0.377320953,0.379184745,0.380853168,0.380340762,0.382203551,0.382117146,0.380348526,0.381306521,0.38304129,0.382708871,0.376290764,0.359560538
60,0.353031324,0.355178073,0.353709111,0.355258793,0.351485538,0.354038402,0.356684525,0.357281675,0.357858744,0.358846954,0.359527287,0.358780963,0.361172176,0.361560047,0.363904065,0.365701536,0.365361304,0.367392547,0.369184633,0.37140845,0.370964093,0.368189142,0.369003826,0.367311045,0.36968522,0.368950045,0.371007935,0.371791771,0.372376738,0.372698529,0.37298189,0.368857151,0.370125031,0.372413479,0.374501789,0.375379502,0.377618322,0.379715289,0.378395811,0.376749417,0.378893862,0.375291603,0.375964121,0.378145516,0.377874527,0.379765306,0.380088652,0.377954393,0.379771872,0.381429596,0.383291637,0.385422565,0.365171103,0.365978533,0.365693739,0.367769653,0.369328739,0.36651872,0.368596431,0.369614793,0.365390393,0.366121895,0.362984481,0.362757553,0.36450327,0.363033712,0.365096372,0.36262965,0.364677692,0.360296405,0.36211447,0.364133348,0.365813768,0.364504636,0.364375128,0.366087137,0.367280552,0.369142271,0.370244053,0.372001787,0.372232138,0.373649928,0.375510206,0.377319589,0.376573472,0.375741427,0.376455561,0.377152954,0.376931436,0.376953703,0.378824297,0.380498887,0.379986002,0.38185549,0.381769874,0.379996985,0.380958901,0.382699886,0.382367493,0.375931355,0.359152695
61,0.351060362,0.353224413,0.351757479,0.35332175,0.349540876,0.352112324,0.354777263,0.355384677,0.355971844,0.356971742,0.357662421,0.356920607,0.359328895,0.35972569,0.362086356,0.363898173,0.363563724,0.365610041,0.367416145,0.369655556,0.369216292,0.366437359,0.367261952,0.36556936,0.367959305,0.367227911,0.369300173,0.370093448,0.37068703,0.371016384,0.371307106,0.367173226,0.368452079,0.370755199,0.372857334,0.373744319,0.37599733,0.378107866,0.376789436,0.375142897,0.377300882,0.373691396,0.37437206,0.376566931,0.376300596,0.378203661,0.378533668,0.376397369,0.378226689,0.379895612,0.381769485,0.383913098,0.363596785,0.364412427,0.364132036,0.366220408,0.367790103,0.364975759,0.367065744,0.368092717,0.363859219,0.364598314,0.361455502,0.361232915,0.362989497,0.361520085,0.363594547,0.361124651,0.363184343,0.358793618,0.360622501,0.362652777,0.364343427,0.363034815,0.362909616,0.36463181,0.365833687,0.367705943,0.368815783,0.370583599,0.37081915,0.372245842,0.374116354,0.375935747,0.375191616,0.374361279,0.375081896,0.375785682,0.375567689,0.375594208,0.377474679,0.379158489,0.37864812,0.380527328,0.380445465,0.378671225,0.379640011,0.381390158,0.381060682,0.374609278,0.357784753
62,0.348538673,0.350722495,0.349259909,0.350841175,0.347054883,0.349647317,0.352333454,0.352953424,0.353552962,0.354566813,0.355270077,0.354534945,0.356962563,0.357370456,0.359749985,0.361578328,0.361251758,0.363315301,0.36513755,0.36739468,0.36696253,0.364181555,0.365018087,0.363327624,0.365735383,0.365009707,0.367098345,0.367903008,0.368507136,0.368845958,0.369145933,0.365004664,0.366296381,0.368616076,0.37073392,0.371632014,0.373901074,0.376027019,0.374711371,0.373066401,0.375239729,0.371624653,0.3723152,0.37452531,0.374265315,0.376182396,0.376520741,0.374384006,0.376226856,0.377908652,0.379796025,0.381953983,0.361573929,0.362399394,0.362124977,0.364227423,0.365809318,0.36299213,0.36509597,0.366133102,0.361891922,0.362640129,0.359493343,0.359276573,0.361045531,0.359577696,0.361665459,0.359193778,0.361266597,0.356867764,0.358708917,0.36075204,0.36245435,0.361147616,0.361028102,0.362761883,0.363973606,0.365857786,0.366977046,0.368756311,0.368998391,0.370435327,0.372317414,0.37414815,0.37340728,0.372579915,0.373308302,0.374019758,0.373806543,0.373838562,0.375730187,0.377424481,0.376917843,0.378808021,0.378731121,0.3769567,0.377933568,0.379694095,0.379368711,0.3729031,0.356033579
63,0.348718713,0.350911025,0.349441473,0.35102862,0.347225701,0.349828225,0.352524757,0.353146499,0.353747709,0.354764918,0.355470243,0.35473131,0.357167961,0.35757667,0.359964927,0.361799725,0.361470971,0.363541833,0.365370389,0.367635488,0.3672007,0.364407931,0.365246837,0.363548935,0.365965136,0.365235786,0.36733156,0.368138404,0.368743934,0.369083143,0.369383354,0.365225624,0.366521351,0.368848863,0.370973714,0.371874246,0.374150785,0.376283628,0.374962221,0.373310332,0.375490676,0.371861593,0.372553777,0.374770979,0.374509172,0.376432229,0.376770888,0.37462569,0.376474197,0.378161044,0.380054154,0.382218754,0.361766768,0.362594429,0.362318388,0.364427416,0.366014061,0.363186523,0.36529688,0.366336857,0.362080608,0.362830707,0.359672683,0.359454584,0.361228863,0.359755524,0.361849633,0.359369158,0.361448238,0.357034338,0.358880981,0.360930218,0.362637493,0.361325923,0.361205444,0.362944247,0.364159279,0.366048903,0.367171128,0.368955442,0.369197658,0.370638511,0.372525894,0.374361731,0.37361787,0.372787261,0.373517271,0.374230287,0.37401576,0.374047232,0.375944036,0.377642872,0.377134016,0.379029298,0.378951491,0.377171025,0.378150197,0.379915374,0.379588349,0.373102722,0.356182249
64,0.346533614,0.348744554,0.347277955,0.348880928,0.345071054,0.347693483,0.350410145,0.351043241,0.351655627,0.352685631,0.353402369,0.352668859,0.355123799,0.355542439,0.357948529,0.359798793,0.359476728,0.361563786,0.363407447,0.365689258,0.36526042,0.362464308,0.363314084,0.361617095,0.364050149,0.363325377,0.365436559,0.366253755,0.36686879,0.367216418,0.367524838,0.363358432,0.364666049,0.367009227,0.369148871,0.370059534,0.372351226,0.37449858,0.373178877,0.37152747,0.373722279,0.370086429,0.370787553,0.373019136,0.372762688,0.374698897,0.375044957,0.372898266,0.374759455,0.376458321,0.378364092,0.380542218,0.360024583,0.360861198,0.360590217,0.362712523,0.364310552,0.361479152,0.363602583,0.364651891,0.360386897,0.361145279,0.357982281,0.357769139,0.359555028,0.35808236,0.360189026,0.357705827,0.3597973,0.355374281,0.357232459,0.35929382,0.361012022,0.359701474,0.359585878,0.361335549,0.362559691,0.364460534,0.365591447,0.367386508,0.367634492,0.369084882,0.370983154,0.37282965,0.372088267,0.371259849,0.371996914,0.372716887,0.372506394,0.372542636,0.374449938,0.376158598,0.375652735,0.377558343,0.377484783,0.375703364,0.37668995,0.378464872,0.37814123,0.371640473,0.354673717
65,0.344583382,0.346812105,0.345347488,0.346965433,0.343147566,0.345789095,0.348525092,0.34916868,0.349791386,0.350833349,0.351560659,0.350831692,0.353304151,0.353731889,0.35615505,0.358020007,0.357703792,0.35980629,0.361664299,0.363962082,0.363538376,0.360738035,0.361597912,0.359900999,0.362350197,0.361629205,0.363755088,0.364581894,0.36520569,0.365560993,0.36587688,0.361700934,0.363019741,0.365377917,0.367531684,0.36845178,0.370757968,0.372919175,0.371600431,0.369948756,0.372157387,0.368513979,0.36922337,0.371468706,0.37121693,0.373165664,0.373518459,0.371369554,0.373242806,0.374953075,0.376870899,0.379061952,0.358477519,0.359322469,0.359055905,0.361190907,0.362799731,0.359963777,0.362099713,0.363157762,0.358883311,0.359649387,0.356480737,0.356271948,0.358068891,0.356596268,0.35871495,0.356228387,0.358331717,0.353898905,0.355768085,0.357841044,0.359569643,0.358259525,0.35814825,0.359908269,0.361140991,0.363052543,0.364191619,0.365996921,0.366250137,0.367709554,0.369618219,0.371474877,0.370735429,0.369908661,0.370652272,0.371378697,0.371171717,0.371212217,0.373129543,0.374847551,0.374344165,0.376259633,0.37618982,0.374406917,0.375400443,0.377184651,0.3768639,0.370347409,0.353333585
66,0.345944538,0.348176984,0.346700276,0.348319349,0.344479568,0.347126622,0.349868495,0.350509155,0.35112887,0.352169608,0.352894401,0.352156945,0.354634106,0.355058162,0.357485782,0.359352901,0.359030037,0.361135652,0.362995776,0.365297408,0.364866722,0.362050062,0.36290816,0.361199453,0.363653147,0.362924279,0.365053382,0.365878368,0.366499577,0.366851284,0.367163452,0.362966736,0.364285743,0.36664804,0.368805129,0.369723902,0.372033948,0.374198447,0.372870081,0.371207625,0.373419748,0.36975837,0.370465809,0.372714792,0.372457588,0.374408879,0.374758471,0.372597419,0.374472976,0.376184954,0.37810521,0.380299644,0.359638373,0.360482214,0.360210663,0.362349081,0.363959469,0.361109689,0.363249039,0.364306774,0.36001375,0.360778582,0.357595314,0.357382039,0.359181302,0.357699975,0.359822063,0.357323482,0.359430172,0.354978984,0.356850777,0.358927004,0.360657717,0.359339736,0.359224567,0.360986814,0.362220036,0.364134282,0.365273544,0.367081171,0.367331723,0.368792348,0.370703643,0.372562749,0.371817519,0.370984728,0.371727294,0.372452627,0.372241644,0.372278937,0.374198904,0.375918921,0.375410675,0.377328754,0.377255448,0.375463834,0.376457167,0.378243586,0.377918653,0.371379289,0.354311111
67,0.343619205,0.345871296,0.344398145,0.346033976,0.34218758,0.344855563,0.347618588,0.348271393,0.348903063,0.349957412,0.350694392,0.349962979,0.352459363,0.352894069,0.355340431,0.357223862,0.35690831,0.359030971,0.360907017,0.363226211,0.362802061,0.359982417,0.360852079,0.35914474,0.361616114,0.360892356,0.36303765,0.363873646,0.364504994,0.364865725,0.365186696,0.360981507,0.362313078,0.364691796,0.366864407,0.367793929,0.370119856,0.372299573,0.370973328,0.36931174,0.371539021,0.367871097,0.36858804,0.370852084,0.370600719,0.372565807,0.372923315,0.370761091,0.372649952,0.374374555,0.376308087,0.378516676,0.357788697,0.358642022,0.358375975,0.360528285,0.362150629,0.359297235,0.361450259,0.362517844,0.358216214,0.358989822,0.355801794,0.355593894,0.357405318,0.355924987,0.358060196,0.355559142,0.357678779,0.353218592,0.355102452,0.357191343,0.358933496,0.357616852,0.357506954,0.359280573,0.36052337,0.362449339,0.363597741,0.365416605,0.365673315,0.367143936,0.369066604,0.370936845,0.37019441,0.369364121,0.370114142,0.370846828,0.370640218,0.370682631,0.372613553,0.374343835,0.373838892,0.375767742,0.375699013,0.373906678,0.374907811,0.3767044,0.376383158,0.36982863,0.352713571
68,0.344761397,0.347018293,0.345533848,0.347171826,0.34330413,0.345978714,0.348748688,0.349399479,0.350029063,0.351083112,0.351818472,0.351079361,0.353581447,0.354013325,0.356465126,0.358351653,0.358030234,0.360156946,0.362036017,0.364359991,0.363929609,0.361094239,0.36196294,0.360244462,0.362721236,0.361990306,0.364139691,0.364974652,0.36560418,0.365962059,0.366280049,0.362054559,0.363387116,0.365770795,0.367947548,0.368876491,0.371207092,0.373390901,0.372055635,0.370383847,0.372615407,0.368929976,0.369645662,0.371914125,0.371657966,0.373626355,0.373981316,0.371807466,0.373699358,0.375426381,0.377363063,0.379575756,0.358770518,0.35962339,0.35935295,0.361509384,0.36313397,0.360267208,0.362424339,0.363492248,0.359172425,0.359945405,0.356743187,0.356531364,0.358345761,0.356857224,0.358996497,0.35648387,0.358607517,0.354129306,0.35601641,0.358109205,0.359854087,0.358530059,0.358416796,0.360193246,0.361437123,0.363366389,0.364515542,0.366337322,0.36659189,0.368064287,0.369990167,0.371863432,0.371115682,0.370279832,0.371029329,0.371761439,0.371551303,0.371590994,0.373525111,0.375257943,0.374748593,0.376680599,0.37660884,0.374808191,0.375809629,0.377608954,0.377283975,0.370706787,0.353537203
69,0.350677087,0.352918076,0.351401665,0.35302141,0.349112009,0.351773204,0.354530307,0.355159357,0.355767295,0.356801662,0.357516172,0.356750241,0.359239178,0.359649462,0.362088158,0.363959372,0.363613752,0.365726413,0.367590543,0.36990149,0.369447125,0.366578343,0.367428656,0.36568167,0.368146742,0.367391574,0.369528207,0.370345381,0.37095646,0.371294981,0.371593608,0.367331429,0.368648875,0.371021568,0.373186633,0.37409925,0.376418937,0.378591362,0.377231618,0.375534278,0.377754987,0.374036871,0.374736353,0.376994441,0.376718734,0.378675838,0.379013728,0.376813768,0.378694417,0.380409684,0.382335446,0.384538283,0.363641345,0.364479968,0.364191412,0.366338403,0.367951745,0.365058113,0.367206068,0.368261081,0.36390981,0.36466912,0.361439665,0.361211033,0.363015651,0.361506166,0.363636932,0.361100139,0.363215393,0.358706692,0.360584799,0.362669341,0.36440487,0.36306139,0.362932798,0.364700237,0.365933414,0.367854292,0.368992569,0.370805728,0.37104666,0.372509435,0.374427215,0.376292263,0.375527975,0.374675411,0.375413332,0.376133886,0.375909294,0.375935405,0.377861967,0.379586662,0.379062239,0.380986849,0.380901536,0.37908208,0.380073449,0.381865214,0.381526226,0.374916051,0.357681486
70,0.35143159,0.35367907,0.352152758,0.353776263,0.349846758,0.35251622,0.35528193,0.355910459,0.35651779,0.357553355,0.358267709,0.357495428,0.359991631,0.360400495,0.362846166,0.36472196,0.364371799,0.366489988,0.368358592,0.370675786,0.370216466,0.367333074,0.368183769,0.366426814,0.368898712,0.368137587,0.370279694,0.371097126,0.371707655,0.372044571,0.37234145,0.368059928,0.369379638,0.371758622,0.373929138,0.374842401,0.37716806,0.379345856,0.377978163,0.376271671,0.378497915,0.374763215,0.375462598,0.377726337,0.377446927,0.379408532,0.379744981,0.377534362,0.379419214,0.381138057,0.383068126,0.385276233,0.364302027,0.365141284,0.364849359,0.367001611,0.368618299,0.365712175,0.367865354,0.368921746,0.364553072,0.365312783,0.362069972,0.361838389,0.363647038,0.362130247,0.364266138,0.361718613,0.363838924,0.359312942,0.361195317,0.363284789,0.365024052,0.363674051,0.363543005,0.365314263,0.366549477,0.368474632,0.369614602,0.371431642,0.371671323,0.373136811,0.375058753,0.376927768,0.376158992,0.375301689,0.376039966,0.376760818,0.376533531,0.376557755,0.378488418,0.380216556,0.379688526,0.38161718,0.381529645,0.379702611,0.380695125,0.382490491,0.382148544,0.375516251,0.358227312
71,0.354975405,0.357217199,0.355668771,0.357284048,0.353322347,0.355988334,0.358751013,0.359367402,0.359962608,0.360987964,0.36169084,0.360900931,0.36339333,0.363789723,0.366231479,0.368101036,0.367735528,0.369848612,0.371711134,0.37402412,0.373549384,0.370640926,0.371481753,0.369704579,0.372173265,0.371396126,0.373533821,0.374341659,0.374941859,0.375267457,0.375552951,0.371242386,0.372554904,0.374930826,0.377097504,0.37800216,0.380324647,0.382498736,0.381113984,0.379389288,0.381612193,0.377851937,0.378542437,0.380803155,0.380511359,0.38246891,0.382795381,0.380565562,0.382446245,0.384160348,0.386086474,0.388291666,0.367231476,0.368063268,0.367759906,0.369909469,0.371521594,0.368595015,0.370745633,0.371795648,0.367401739,0.368154197,0.364890333,0.364648226,0.366453435,0.364921838,0.367055491,0.364489813,0.366607918,0.362057291,0.363936763,0.366024048,0.367759966,0.366396345,0.36625582,0.36802396,0.369254308,0.371176899,0.372311746,0.374125909,0.374357595,0.37581912,0.377738601,0.379605,0.378825144,0.377956548,0.378688702,0.379403414,0.379167016,0.379182983,0.381111455,0.382836779,0.38229888,0.384225404,0.38412947,0.382288689,0.383276269,0.385069209,0.384718276,0.378057756,0.360708174
72,0.352600709,0.35486284,0.353317947,0.354950543,0.350981763,0.353669424,0.356454006,0.357082899,0.357690411,0.358729799,0.359445222,0.358661456,0.361173736,0.361581075,0.364042207,0.365928606,0.365570564,0.367701254,0.36958021,0.371911334,0.371443257,0.368531551,0.369384274,0.367608386,0.370095332,0.369323375,0.371477778,0.372296935,0.372907549,0.373242402,0.373536921,0.369217428,0.370542882,0.372935745,0.37511843,0.376034135,0.378372998,0.380562774,0.37918011,0.377456203,0.379694732,0.375927575,0.376627832,0.378904071,0.378618229,0.380589988,0.380924567,0.378693433,0.380587813,0.382314907,0.384254698,0.386474464,0.365345055,0.366186589,0.365888846,0.368052717,0.369677143,0.366746741,0.368911439,0.369971574,0.365568679,0.366330146,0.363061283,0.362824667,0.364642389,0.363111753,0.365258912,0.362690609,0.364822038,0.360262039,0.362153926,0.364254241,0.366001924,0.364639622,0.364504483,0.366284316,0.367524498,0.369459144,0.370603375,0.372429087,0.372667075,0.374138867,0.376070036,0.377947875,0.377170849,0.376304779,0.377044573,0.377766822,0.377534883,0.377556083,0.379495806,0.381231668,0.380697126,0.38263471,0.382543448,0.380701873,0.381697447,0.383500827,0.383153651,0.376477452,0.359079497
73,0.356179759,0.358436063,0.356868623,0.358492806,0.354491226,0.357175314,0.359956774,0.36057328,0.361168419,0.362197386,0.362901097,0.362099366,0.364607741,0.365002363,0.367459478,0.369339497,0.368965817,0.371091282,0.372964019,0.375290829,0.374807048,0.371869831,0.372712491,0.370916022,0.373399672,0.37261141,0.374761296,0.375570675,0.376170762,0.376494086,0.376777008,0.372427986,0.373746105,0.376135827,0.378314584,0.379221518,0.38155713,0.383743111,0.382343097,0.380600679,0.38283579,0.379042661,0.379733874,0.382007017,0.381708577,0.383676193,0.384000619,0.381749973,0.383640096,0.385362353,0.387298116,0.389514899,0.368298233,0.369132172,0.368822804,0.370983925,0.372603701,0.369652529,0.371814608,0.372868254,0.368439746,0.369193837,0.365903606,0.365656299,0.367470513,0.365924847,0.368069717,0.365482993,0.367612165,0.363027166,0.364916093,0.367014173,0.368758447,0.367382323,0.36723756,0.369014215,0.370249448,0.372181477,0.373320499,0.37514328,0.375373149,0.376840907,0.378769565,0.380644736,0.379856468,0.378978941,0.379712516,0.380428528,0.380187344,0.380200164,0.382137651,0.383870647,0.383326093,0.385261503,0.38516172,0.383306208,0.384296771,0.386097679,0.385741388,0.379036597,0.361577235
74,0.353394218,0.35567293,0.354110781,0.355754269,0.351747149,0.354454941,0.357260321,0.357891169,0.358500434,0.359545268,0.360263321,0.359469402,0.36199955,0.362406842,0.364885186,0.366783843,0.366419255,0.368564105,0.370455024,0.372801734,0.372326172,0.369387092,0.37024327,0.368449525,0.370953135,0.370171533,0.372339778,0.373162029,0.373774056,0.37410813,0.37440156,0.370044798,0.371377375,0.373785613,0.375981924,0.376901366,0.379254885,0.381458062,0.380061426,0.378321058,0.38057327,0.376774366,0.377476705,0.379766815,0.379475621,0.381458853,0.381792692,0.379541889,0.381447078,0.383183678,0.385134457,0.387367168,0.366081412,0.366926364,0.366623818,0.368800567,0.370433925,0.367479972,0.369657423,0.370722414,0.366285869,0.367050163,0.363755924,0.363515238,0.365343185,0.363799532,0.365959127,0.363370766,0.365514464,0.360920976,0.362823492,0.364935777,0.366692965,0.365319163,0.365180838,0.366970314,0.368216477,0.370161678,0.37131116,0.373146588,0.373383782,0.374862875,0.3768043,0.37869198,0.377907493,0.377033433,0.37777565,0.378500193,0.378264417,0.37828342,0.380233182,0.381977725,0.381437438,0.383384912,0.383290717,0.381435253,0.382434758,0.384247077,0.383895427,0.377175593,0.359668088
75,0.355180039,0.357460951,0.355883912,0.357526826,0.353494246,0.356206251,0.359016234,0.359642191,0.360246513,0.361288324,0.362001978,0.361197237,0.363730798,0.36413248,0.366614,0.368513371,0.368140021,0.370286638,0.372178256,0.374527542,0.37404292,0.37108476,0.371937503,0.370129579,0.372636524,0.371844982,0.374015214,0.374834052,0.375441856,0.375770638,0.376058656,0.371678217,0.373009615,0.375420884,0.377619378,0.378536037,0.380892332,0.383097684,0.381689416,0.379936192,0.382190826,0.378371405,0.379070368,0.381363096,0.381064832,0.383049534,0.383378702,0.381113687,0.383020107,0.384757308,0.386709469,0.38894458,0.367575686,0.368418285,0.368109261,0.370288496,0.371922376,0.368952557,0.371132516,0.372196053,0.367738624,0.368500494,0.365189607,0.364943067,0.366772408,0.365218432,0.36738059,0.364778403,0.36692463,0.362310582,0.364214848,0.366329585,0.368088005,0.366704849,0.366561392,0.36835224,0.36959795,0.37154503,0.372693735,0.374530662,0.374764071,0.376243489,0.378186753,0.380076084,0.379284533,0.378403164,0.37914335,0.379865818,0.379624893,0.379639597,0.381591255,0.38333703,0.382790712,0.384740066,0.384641299,0.382775753,0.38377419,0.385587986,0.385231063,0.378486212,0.360920447
76,0.352947353,0.355248506,0.353674304,0.35533434,0.351293618,0.354027265,0.356859129,0.357497239,0.358113515,0.359169069,0.359894934,0.359095782,0.361649151,0.362061401,0.364562211,0.366478254,0.366111886,0.368275971,0.370183848,0.372551158,0.3720727,0.369110474,0.369974804,0.368167511,0.370692623,0.369905746,0.372092549,0.372922397,0.373540279,0.373877947,0.374174619,0.369784313,0.371128409,0.373556511,0.375770875,0.376698293,0.379070844,0.381291744,0.379885005,0.378131977,0.380402103,0.376574961,0.377283376,0.379591499,0.379298774,0.381297524,0.381634457,0.379367507,0.381287455,0.38303746,0.385003121,0.38725267,0.365811961,0.366664038,0.36636025,0.368553667,0.370199664,0.367225376,0.369419289,0.370492708,0.366025512,0.366796128,0.363479584,0.363238179,0.365079878,0.363526384,0.365701925,0.363096542,0.36525597,0.3606318,0.362548337,0.364675979,0.366446005,0.365063726,0.364925329,0.366727715,0.367983056,0.369942049,0.371099927,0.372948252,0.373187673,0.374677176,0.376631985,0.378532609,0.377743515,0.376864295,0.37761188,0.378341643,0.378104857,0.378124496,0.380087265,0.381843422,0.381300122,0.383260396,0.383165999,0.381299222,0.382305441,0.384129528,0.383776047,0.377014717,0.35939897
77,0.351732628,0.354049618,0.352473732,0.35414654,0.350093137,0.352844192,0.355693743,0.356339763,0.356963784,0.358028927,0.35876287,0.357965153,0.360534333,0.360953109,0.363469277,0.36539807,0.365034713,0.367212417,0.369132727,0.37151428,0.37103814,0.368067948,0.368940125,0.367129666,0.36966932,0.368883405,0.3710832,0.371920464,0.372544851,0.372887852,0.37318965,0.368785831,0.370139186,0.372580742,0.374807617,0.37574242,0.378127922,0.380361085,0.378952508,0.377196324,0.379478733,0.375640507,0.376355169,0.378675551,0.378385178,0.380394877,0.380736452,0.378464394,0.380394837,0.382154629,0.384130801,0.386391827,0.364875735,0.365734339,0.365432827,0.367637551,0.369292797,0.366311072,0.368516126,0.369596604,0.3651167,0.365893271,0.362568198,0.362329152,0.364180503,0.362624722,0.364810985,0.362199649,0.364369652,0.359732593,0.361658806,0.363796781,0.365575849,0.364191828,0.364055917,0.36586733,0.367129795,0.369098225,0.370262797,0.372120073,0.372363042,0.373860207,0.375824164,0.377733697,0.376944635,0.376065153,0.376817776,0.377552486,0.377317488,0.377339731,0.379311334,0.381075607,0.380533024,0.382501984,0.382409695,0.380539404,0.381551194,0.383383389,0.383031139,0.376251007,0.358582762
78,0.348838553,0.351179123,0.349609069,0.351302224,0.347243424,0.35001937,0.35289403,0.353555229,0.3541942,0.355276088,0.356025191,0.355235872,0.357827891,0.358260079,0.360798509,0.362746874,0.362393212,0.36459125,0.366530642,0.368933047,0.368465678,0.365493836,0.366380254,0.364572878,0.36713342,0.366354647,0.368573664,0.369424478,0.370061447,0.370415799,0.370728693,0.366317133,0.367685655,0.370146559,0.372391785,0.373339728,0.375743934,0.377995062,0.376590196,0.374836352,0.377136616,0.373292659,0.374019009,0.376357097,0.376074406,0.378100409,0.378451894,0.376179883,0.378126053,0.379900821,0.381892659,0.384170288,0.36258326,0.363453406,0.363159118,0.365380127,0.36704955,0.364065159,0.366286224,0.367378567,0.362890585,0.363677841,0.360348834,0.360116785,0.361982445,0.360428918,0.362630502,0.360017665,0.36220278,0.357557173,0.359497529,0.361650279,0.36344279,0.362061326,0.361932199,0.363756951,0.365030811,0.367012936,0.368188414,0.37005884,0.370309488,0.371818451,0.373795671,0.375718201,0.374933173,0.374057402,0.374819047,0.375562661,0.37533336,0.375362095,0.377346439,0.379122702,0.378584639,0.380566115,0.380479697,0.378609596,0.379630695,0.381474727,0.381127372,0.374331954,0.356614492
79,0.345982248,0.34834644,0.346782099,0.348495615,0.3444312,0.347232094,0.350131917,0.350808264,0.351462151,0.352560767,0.353324998,0.352543987,0.35515888,0.355604436,0.358165158,0.360133103,0.359789058,0.362007444,0.363965921,0.366389197,0.365930516,0.362956855,0.363857477,0.362053058,0.364634506,0.363862783,0.366101029,0.366965353,0.367614856,0.367980502,0.368304433,0.363884924,0.365268588,0.36774885,0.370012426,0.37097347,0.373396383,0.375665475,0.374264207,0.372512581,0.374830698,0.370980825,0.371718817,0.374074608,0.37379952,0.375841814,0.376203149,0.37393105,0.375892932,0.377682655,0.379690144,0.381984365,0.360325746,0.361207391,0.360920253,0.363157539,0.364841115,0.361853912,0.364090978,0.365195147,0.360698905,0.3614968,0.358163707,0.357938585,0.359818533,0.358267156,0.36048405,0.357869582,0.360069795,0.355415464,0.357369945,0.359537454,0.361343386,0.35996438,0.35984197,0.361680038,0.362965256,0.364961056,0.366147401,0.368030952,0.368289221,0.369809948,0.371800409,0.373735912,0.372954836,0.372082692,0.372853308,0.373605776,0.373382103,0.373417267,0.375414326,0.377202552,0.376668933,0.3786629,0.378582286,0.376712271,0.377742636,0.379598479,0.379255947,0.372445044,0.354677957
80,0.345979057,0.348354058,0.346782572,0.348503839,0.344421079,0.347234578,0.350147336,0.35082662,0.35148332,0.352586682,0.353354151,0.352569603,0.355195753,0.355643078,0.358214671,0.36019085,0.359845088,0.362072676,0.364039175,0.366472367,0.366011409,0.363024967,0.363929058,0.362116855,0.364708707,0.363933503,0.366180631,0.367048158,0.367699965,0.368066747,0.368391636,0.363954028,0.36534295,0.367832797,0.370105023,0.371069499,0.373501573,0.375779152,0.374371966,0.372613105,0.374939817,0.371074659,0.371815127,0.374179575,0.373903037,0.375952703,0.376314986,0.374033892,0.376002762,0.377798777,0.379813323,0.382115616,0.360376293,0.361261005,0.360972614,0.363217903,0.364907403,0.361909097,0.364154068,0.365261995,0.360749339,0.361549914,0.358204727,0.357978658,0.359865131,0.358308106,0.360532663,0.357908851,0.360116619,0.355445908,0.35740707,0.359581951,0.361393956,0.360010038,0.359887052,0.36173124,0.363020655,0.365023033,0.366213176,0.368102847,0.368361742,0.369887312,0.371884151,0.373825806,0.373041845,0.372166536,0.372939411,0.373694064,0.373469371,0.373504365,0.375507625,0.377301336,0.376765678,0.378765745,0.378684543,0.376808227,0.377841567,0.379702988,0.379359041,0.372526328,0.354703114
