Coefficients,Estimate,Std.Error,t.value,p.value,lg neg
(Intercept),0.495680804,0.012619996,39.27741489,1.36E-37,36.8668769
f_1,1.74E-06,2.03E-05,0.085575374,0.932167486,0.030506049
f_2,-9.30E-06,2.34E-05,-0.39764422,0.692692789,0.159459333
f_3,-0.000308035,2.73E-05,-11.26937017,5.89E-15,14.22980007
f_4,-0.000139722,2.87E-05,-4.862227242,1.34E-05,4.873465892
f_5,1.49E-05,3.09E-05,0.483660251,0.630872851,0.200058162
f_6,7.18E-05,3.42E-05,2.102419663,0.04090052,1.388271167
f_7,-0.000106838,3.56E-05,-2.996886002,0.004346139,2.36189643
f_8,-3.69E-05,3.98E-05,-0.928259042,0.358016062,0.446097489
f_9,8.06E-05,4.15E-05,1.942567159,0.05807331,1.236023423
f_10,8.92E-06,4.30E-05,0.207515492,0.836503835,0.077532064
f_11,-5.32E-07,4.52E-05,-0.01177223,0.990657165,0.004076615
f_12,-0.00014705,4.69E-05,-3.132460706,0.002981657,2.525542245
f_13,9.42E-05,4.84E-05,1.947891804,0.057414376,1.240979354
f_14,-2.72E-05,4.93E-05,-0.551036717,0.58421862,0.233424605
f_15,-3.93E-05,5.27E-05,-0.745308712,0.459796221,0.337434602
f_16,1.40E-06,5.43E-05,0.025854847,0.979482581,0.009003283
f_17,-6.37E-05,5.44E-05,-1.169916772,0.247933002,0.605665662
f_18,0.000141081,5.60E-05,2.517709706,0.015278427,1.815921348
f_19,1.44E-05,5.87E-05,0.245817887,0.806893536,0.093183764
f_20,-0.000168927,6.01E-05,-2.811646048,0.007167661,2.144622516
f_21,-0.000109143,6.14E-05,-1.778093741,0.081858033,1.086938695
f_22,-0.000218181,6.41E-05,-3.403340894,0.00136966,2.863387091
f_23,3.52E-05,6.51E-05,0.540698769,0.591268657,0.228215142
f_24,9.85E-05,6.66E-05,1.479100656,0.145785027,0.836287078
f_25,-0.000122357,6.80E-05,-1.799095051,0.078426046,1.105539683
f_26,0.000139387,6.91E-05,2.018393877,0.049277261,1.307353441
f_27,5.87E-05,7.26E-05,0.808784483,0.422714439,0.373952917
f_28,0.000281384,7.43E-05,3.786353224,0.000433209,3.363302516
f_29,-0.000227561,7.50E-05,-3.033384089,0.003930274,2.405577145
f_30,8.10E-05,7.93E-05,1.020898246,0.312528981,0.505109705
f_31,-9.27E-05,7.98E-05,-1.161634214,0.251249511,0.599894775
f_32,-6.17E-06,8.23E-05,-0.074970866,0.94055609,0.0266153
f_33,0.000221961,8.25E-05,2.689632513,0.009869485,2.0057055
f_34,-6.44E-05,8.29E-05,-0.776420334,0.441390803,0.355176721
f_35,4.73E-05,8.55E-05,0.552957224,0.582913377,0.234395978
f_36,0.000208753,8.62E-05,2.422275023,0.019333079,1.713698973
f_37,0.000130026,8.78E-05,1.481503796,0.145146117,0.838194578
f_38,-4.74E-05,8.92E-05,-0.531525074,0.597558328,0.223619696
f_39,-2.28E-05,9.04E-05,-0.252256493,0.801942724,0.095856649
f_40,-5.75E-05,9.17E-05,-0.627082734,0.533639564,0.272751979
f_41,0.000217397,9.31E-05,2.334102112,0.023916278,1.621306409
f_42,-7.63E-05,9.43E-05,-0.809382868,0.422373686,0.374303146
f_43,-5.48E-05,9.59E-05,-0.570746498,0.570890412,0.243447251
f_44,1.20E-05,9.76E-05,0.123476505,0.902256315,0.04467007
f_45,-0.000148037,9.92E-05,-1.49244813,0.142264359,0.846903888
f_46,-4.30E-05,0.000101616,-0.423238931,0.674051419,0.171306973
f_47,-0.000178657,0.000102924,-1.735813841,0.089149255,1.04988228
f_48,-3.42E-05,0.000103966,-0.329410982,0.743308626,0.128830827
f_49,7.82E-05,0.000104885,0.745449579,0.459711898,0.337514256
f_50,0.000128486,0.000106223,1.209590673,0.232485168,0.633604749
f_51,7.10E-05,0.000107336,0.661098602,0.511776923,0.290919301
f_52,-8.37E-05,0.000108217,-0.773412765,0.443150828,0.353448435
f_53,-2.54E-05,0.000109537,-0.23220775,0.817384809,0.087573438
f_54,-0.00013653,0.000111871,-1.22042908,0.228390213,0.64132251
f_55,-5.47E-05,0.000113235,-0.483064832,0.631292385,0.199769449
f_56,-0.000170691,0.000115009,-1.484154346,0.144443998,0.840300499
f_57,-9.52E-06,0.000115327,-0.082591221,0.93452733,0.029407993
f_58,-9.66E-05,0.000116567,-0.828340547,0.411664377,0.385456713
f_59,-0.000253182,0.000118276,-2.140603719,0.037524494,1.425685157
f_60,-0.000144427,0.000120761,-1.195973655,0.237705821,0.623960183
f_61,-0.000150602,0.000122178,-1.232638361,0.223841105,0.65006016
f_62,8.99E-05,0.000123382,0.728365639,0.470003413,0.327898989
f_63,3.46E-05,0.000123755,0.279963906,0.780733709,0.107497069
f_64,9.26E-05,0.000125347,0.738906292,0.46363817,0.333820817
f_65,-4.89E-05,0.000126694,-0.386026904,0.70121869,0.154146517
f_66,-5.18E-05,0.000127072,-0.407508118,0.685485072,0.164001999
f_67,0.000147643,0.00012884,1.145940609,0.257620924,0.589018866
f_68,-3.25E-05,0.000129082,-0.251661883,0.802399594,0.0956093
f_69,-0.000166637,0.000130924,-1.272773249,0.209358712,0.679108962
f_70,-0.000207514,0.000131978,-1.572342984,0.122579459,0.9115823
f_71,-4.90E-05,0.000132271,-0.370345277,0.712789064,0.147038972
f_72,0.000172729,0.000133677,1.292133935,0.202628107,0.693300313
f_73,-3.84E-05,0.000134739,-0.285354981,0.776625982,0.109788084
f_74,8.55E-05,0.000136024,0.628392318,0.532788937,0.273444802
f_75,-2.59E-05,0.000137198,-0.188495797,0.85129956,0.069917591
f_76,3.19E-05,0.000138675,0.230057007,0.819045841,0.08669179
f_77,3.62E-05,0.000138896,0.260644602,0.795505208,0.099356973
f_78,-0.000261794,0.000139586,-1.875499474,0.066943571,1.174291127
f_79,-0.000246515,0.000140605,-1.753247424,0.086079842,1.065098541
f_80,0.00020116,0.000141504,1.421589079,0.161747567,0.791162243
f_81,-9.19E-06,0.000143042,-0.064255395,0.949039387,0.022715763
f_82,-3.49E-05,0.000143635,-0.243302912,0.808829549,0.092142991
f_83,9.23E-05,0.000144694,0.637614429,0.526818921,0.278338636
f_84,0.000138747,0.000145068,0.956423889,0.343752017,0.463754745
f_85,2.41E-05,0.000147699,0.163490746,0.87083306,0.060065092
f_86,0.000329866,0.00014791,2.230187351,0.030548295,1.515013026
f_87,-0.000281152,0.000148515,-1.893095235,0.064511515,1.190362756
f_88,-0.000348455,0.000149855,-2.325274965,0.0244249,1.612167207
f_89,0.000198855,0.000150166,1.324233818,0.191829364,0.717084912
f_90,-0.000270195,0.000151791,-1.780043019,0.081534279,1.088659766
f_91,-4.36E-05,0.000152299,-0.286470101,0.775777116,0.110263035
f_92,-3.94E-05,0.000155129,-0.25373924,0.800803754,0.0964739
f_93,0.000142557,0.000155356,0.917615268,0.363505307,0.439489244
f_94,-0.000133474,0.000156684,-0.851866482,0.39860807,0.399453913
f_95,-0.000201582,0.000156801,-1.285593274,0.204883488,0.688493042
f_96,-5.78E-05,0.000159035,-0.363269226,0.718032605,0.143855834
f_97,0.000155161,0.000160166,0.968748645,0.337629583,0.471559508
f_98,0.00021569,0.000161195,1.338074535,0.187310257,0.72743844
f_99,-9.47E-05,0.000162373,-0.582924299,0.562730855,0.249699271
f_100,-2.79E-05,0.000162909,-0.171312618,0.864713404,0.063127809
f_101,0.000195206,0.000163581,1.193325586,0.238730921,0.622091327
f_102,-0.000165846,0.000164629,-1.007393164,0.318904293,0.496339634
f_103,0.000151191,0.000165258,0.914882865,0.364923194,0.437798533
f_104,2.93E-06,0.000166784,0.017538952,0.986080903,0.006087452
f_105,-9.11E-05,0.000167228,-0.544736734,0.588510135,0.230246053
f_106,1.50E-05,0.000169698,0.088476625,0.92987379,0.031575994
f_107,-0.000171248,0.000171167,-1.000473855,0.322204494,0.491868407
f_108,-5.84E-05,0.000171945,-0.339580231,0.735685486,0.133307812
f_109,-0.000153662,0.000173657,-0.884858957,0.380737286,0.41937459
f_110,0.000121789,0.000174105,0.699514894,0.487678089,0.311866756
f_111,-0.000344643,0.000175901,-1.959299582,0.056024216,1.25162421
f_112,-0.000146032,0.000177218,-0.824025446,0.41408728,0.38290811
f_113,-0.000240712,0.000177454,-1.35647288,0.181429241,0.741292716
f_114,3.42E-05,0.000179521,0.19025138,0.849931512,0.070616069
f_115,0.000105833,0.000181063,0.58451164,0.561671575,0.250517554
f_116,-0.000141639,0.000182546,-0.775911293,0.441688402,0.354884004
f_117,-0.000166491,0.000183077,-0.909404051,0.367776964,0.434415476
f_118,-2.03E-05,0.000184207,-0.110223088,0.912701767,0.039671109
f_119,0.000167995,0.000185585,0.90522104,0.369965417,0.431838871
f_120,5.11E-05,0.000186538,0.274184705,0.785144193,0.105050577
f_121,-0.000199908,0.000188593,-1.059995199,0.294563874,0.530820517
f_122,3.19E-05,0.000189134,0.168493123,0.866918368,0.062021795
f_123,-7.34E-05,0.000189964,-0.386168427,0.70111459,0.154210995
f_124,8.38E-05,0.00019119,0.438381479,0.663118219,0.17840904
f_125,3.55E-05,0.000192372,0.184709875,0.854251329,0.068414337
f_126,2.27E-06,0.000193745,0.011728338,0.990691998,0.004061345
f_127,-2.04E-05,0.00019533,-0.10438029,0.91731173,0.037483053
f_128,6.41E-05,0.000196358,0.326545385,0.745461492,0.127574786
f_129,0.000470793,0.000196861,2.391498053,0.020834222,1.681222714
f_130,6.34E-05,0.000197592,0.320835795,0.749757099,0.125079413
f_131,-0.000205696,0.000198098,-1.038356118,0.304416913,0.516531222
f_132,9.49E-05,0.000198739,0.477721123,0.635063059,0.197183149
f_133,0.000147966,0.000200502,0.737977268,0.464197186,0.333297497
f_134,-2.39E-05,0.000201664,-0.118471806,0.906198733,0.04277655
f_135,-2.61E-05,0.000202844,-0.128735663,0.89811613,0.046667504
f_136,-0.000286348,0.000204361,-1.401188983,0.167726318,0.775398786
f_137,-8.28E-05,0.00020529,-0.403239388,0.688600728,0.162032522
f_138,0.000167472,0.000206924,0.809342643,0.422396587,0.3742796
f_139,-0.000167003,0.000207268,-0.805736135,0.424452914,0.372170481
f_140,1.12E-05,0.000209395,0.053343836,0.95768405,0.018777745
f_141,1.46E-05,0.000209587,0.069783607,0.944661967,0.024723569
f_142,1.35E-05,0.000210834,0.06414097,0.94913001,0.022674295
f_143,-5.47E-05,0.000211622,-0.258617869,0.797059342,0.098509343
f_144,0.000108939,0.00021419,0.508611676,0.613403722,0.212253593
f_145,9.51E-05,0.000215579,0.441208371,0.661085238,0.17974254
f_146,-5.13E-05,0.000216079,-0.237302928,0.813453161,0.089667449
f_147,-0.000227407,0.000217157,-1.047201769,0.300362199,0.522354725
f_148,0.00047562,0.00022021,2.159847697,0.035917691,1.444691587
f_149,0.000114764,0.000221882,0.517228463,0.607422456,0.216509157
f_150,0.000451544,0.000221909,2.034814551,0.047532127,1.323012753
f_151,-4.74E-05,0.000223575,-0.211955953,0.8330579,0.079324813
f_152,7.20E-05,0.000224077,0.321441403,0.749301088,0.125343637
f_153,-8.89E-05,0.000226937,-0.39191558,0.696892077,0.156834473
f_154,-6.76E-05,0.000227965,-0.296534243,0.768128588,0.114566071
f_155,-0.000118447,0.000229322,-0.516509789,0.607920289,0.216153362
f_156,-0.000329655,0.000230699,-1.428939547,0.159634485,0.796873284
f_157,8.17E-05,0.000231981,0.352040454,0.726381541,0.138835201
f_158,-0.000223202,0.000232919,-0.958282266,0.342824194,0.464928536
f_159,-5.06E-05,0.000234447,-0.215717742,0.83014122,0.080848021
f_160,8.91E-05,0.000236845,0.376039461,0.708579659,0.149611319
f_161,-0.00027886,0.000237376,-1.174757832,0.246009243,0.609048576
f_162,2.69E-06,0.000237867,0.011299868,0.991032031,0.003912309
f_163,0.000158704,0.000238623,0.665083665,0.50924757,0.293071035
f_164,0.000118092,0.000240791,0.490433457,0.626109093,0.203349989
f_165,0.000114525,0.000242503,0.472263623,0.638924136,0.194550706
f_166,-0.000130514,0.000244929,-0.53286602,0.596636992,0.224289824
f_167,-3.66E-06,0.00024549,-0.014896852,0.988177529,0.005165026
f_168,0.000134145,0.000246723,0.543704247,0.589214891,0.229726286
f_169,0.000207689,0.000247919,0.837727643,0.40642365,0.391021028
f_170,-1.87E-05,0.000250022,-0.074909248,0.940604853,0.026592785
f_171,0.000173325,0.000251954,0.687922902,0.494882609,0.305497808
f_172,0.000102649,0.000252912,0.405868377,0.686681235,0.163244821
f_173,0.000180704,0.00025449,0.710064166,0.481172725,0.317698998
f_174,-0.000521946,0.000255423,-2.043454091,0.046635661,1.331281866
f_175,0.000223326,0.000256971,0.869071901,0.389224331,0.409800019
f_176,9.38E-05,0.00025881,0.362520385,0.718588324,0.143519844
f_177,-0.000236345,0.00026057,-0.907030691,0.369017627,0.432952888
f_178,0.000296282,0.000263646,1.123787999,0.266810242,0.573797503
f_179,-8.32E-05,0.000264588,-0.314533967,0.75450759,0.122336387
f_180,0.000252633,0.00026598,0.949820678,0.347062144,0.459592754
f_181,6.09E-05,0.000267031,0.227894967,0.820716443,0.085806865
f_182,0.000281748,0.000268161,1.050666528,0.298784177,0.524642406
f_183,-6.66E-05,0.000270301,-0.24647272,0.806389649,0.093455056
f_184,-2.30E-05,0.000271725,-0.084664912,0.932887407,0.030170769
f_185,9.17E-05,0.000272943,0.33614225,0.738259728,0.131790822
f_186,-0.000159478,0.000275162,-0.579579646,0.564966095,0.247977615
f_187,0.000376403,0.000277592,1.355960382,0.181591123,0.740905385
f_188,-0.000161357,0.000279213,-0.577898332,0.566091383,0.247113456
f_189,5.28E-05,0.000280911,0.187802957,0.851839587,0.069642181
f_190,-0.000252729,0.000284443,-0.888505808,0.378793558,0.421597416
f_191,-0.000675585,0.000285181,-2.368970931,0.021998586,1.657605232
f_192,5.92E-05,0.000285536,0.20716538,0.836775671,0.077390955
f_193,-0.000199401,0.00028947,-0.688847481,0.494305829,0.306004268
f_194,-0.000178553,0.000290711,-0.614194091,0.54204888,0.265961549
f_195,2.32E-06,0.000291332,0.007972919,0.993672345,0.002756797
f_196,-7.00E-05,0.000293885,-0.238219519,0.812746394,0.090044949
f_197,0.00014097,0.00029617,0.475975741,0.636296776,0.196340277
f_198,-0.000138043,0.000296914,-0.464926234,0.644131145,0.191025701
f_199,4.20E-05,0.000300716,0.13974305,0.889460141,0.050873509
f_200,0.000262573,0.00030349,0.865177953,0.391335835,0.407450381
f_201,7.39E-05,0.000304489,0.242807641,0.809210948,0.09193825
f_202,-2.80E-05,0.00030502,-0.091928093,0.927145882,0.032851926
f_203,0.000705742,0.000307888,2.29220432,0.026417511,1.578108102
f_204,-0.000417301,0.000309261,-1.349350056,0.183689049,0.735916735
f_205,-0.000522141,0.000310241,-1.683015329,0.099004466,1.004345212
f_206,1.98E-06,0.000313084,0.006318511,0.994985335,0.00218332
f_207,-0.000127145,0.000313529,-0.405527249,0.686930183,0.1630874
f_208,-6.31E-05,0.00031612,-0.199705108,0.842572758,0.074392586
f_209,0.000183398,0.000320157,0.572837654,0.569485136,0.244517607
f_210,5.01E-05,0.000324127,0.154503228,0.877874535,0.056567548
f_211,0.000173059,0.000324906,0.532642428,0.596790571,0.224178047
f_212,-6.00E-05,0.000327754,-0.183046668,0.85554875,0.067755239
f_213,-0.000434079,0.000330518,-1.313328592,0.195447935,0.708968914
f_214,-6.61E-05,0.000331463,-0.199569028,0.842678584,0.074338043
f_215,9.16E-05,0.0003336,0.274453872,0.784938614,0.105164306
f_216,-2.07E-05,0.000334833,-0.061771762,0.951006534,0.021816499
f_217,-0.000249589,0.000338151,-0.73809799,0.464124523,0.333365484
f_218,-3.53E-05,0.000338592,-0.104112516,0.917523073,0.037383006
f_219,0.00060566,0.000340741,1.777477953,0.081960533,1.086395229
f_220,-4.17E-05,0.00034357,-0.121242425,0.904015894,0.043823934
f_221,0.000501024,0.000344063,1.456196344,0.151986516,0.818194941
f_222,-0.000226443,0.00034915,-0.648554422,0.519782796,0.284178099
f_223,3.26E-05,0.000350283,0.093160347,0.926172169,0.033308274
f_224,-0.000220547,0.000353873,-0.623238341,0.536140738,0.270721192
f_225,0.000286379,0.000356385,0.803565727,0.425693324,0.370903161
f_226,-0.000201799,0.000356658,-0.565806067,0.57421718,0.240923818
f_227,0.000117192,0.000361746,0.323961509,0.747404468,0.126444311
f_228,8.36E-05,0.000362512,0.230653955,0.81858473,0.086936361
f_229,-0.000755743,0.000366587,-2.061566605,0.044803808,1.348685073
f_230,-0.000143287,0.000370456,-0.38678612,0.700660302,0.154492488
f_231,0.000530552,0.000372515,1.424243178,0.160982077,0.793222472
f_232,-0.000103692,0.000373671,-0.277495636,0.782616525,0.106450986
f_233,-5.79E-05,0.00037693,-0.153728162,0.878482255,0.056267007
f_234,-0.000343682,0.000379033,-0.906735777,0.369171979,0.43277127
f_235,0.000358651,0.000381369,0.940429972,0.351805557,0.453697305
f_236,-0.000492752,0.000384713,-1.280831325,0.20653734,0.685001421
f_237,0.000279841,0.000390465,0.716685229,0.477114783,0.321377127
f_238,-0.000215282,0.000390698,-0.551019334,0.58423044,0.233415819
f_239,-0.000381785,0.000394343,-0.968156567,0.33792204,0.471183482
f_240,0.000154097,0.000399341,0.385876926,0.701329016,0.154078193
f_241,-0.000432988,0.000403706,-1.072532895,0.288957036,0.539166726
f_242,-0.000335607,0.000404704,-0.829263689,0.411147167,0.386002697
f_243,4.30E-05,0.000408191,0.105279636,0.916601955,0.037819221
f_244,-0.000564317,0.000411063,-1.372823665,0.176322364,0.753692601
f_245,-0.000675704,0.000416141,-1.623735376,0.111121208,0.954203046
f_246,-0.000267609,0.000416783,-0.642080829,0.523940276,0.280718216
f_247,4.23E-05,0.000419028,0.100929816,0.92003551,0.03619541
f_248,-0.000187265,0.000420803,-0.445018492,0.658349242,0.18154366
f_249,-0.000529699,0.000423866,-1.249685997,0.217601636,0.662337844
f_250,0.000276635,0.000428516,0.645564119,0.521701047,0.282578292
f_251,0.000280954,0.000432975,0.648891789,0.519566614,0.284358764
f_252,-0.000425591,0.000434441,-0.979628803,0.33228523,0.478488962
f_253,1.56E-05,0.000438846,0.035443449,0.971876247,0.012389032
f_254,-3.47E-05,0.000442132,-0.078508842,0.9377566,0.02790987
f_255,0.00013879,0.00044472,0.31208416,0.756356924,0.121273213
f_256,0.000665187,0.000446586,1.489494504,0.143037576,0.844549858
f_257,0.00053306,0.000448326,1.18900138,0.240411789,0.619044241
f_258,0.000476066,0.000452713,1.051586387,0.298366189,0.525250393
f_259,-0.00060977,0.000455373,-1.339056292,0.186992813,0.728175086
f_260,0.000375755,0.000463239,0.81114693,0.421370099,0.375336285
f_261,9.72E-05,0.000469055,0.207227709,0.836727276,0.077416073
f_262,-0.000290517,0.000472463,-0.614899764,0.541586697,0.266332012
f_263,-4.93E-05,0.000474526,-0.103981338,0.917626609,0.037334001
f_264,0.000514704,0.00048037,1.07147505,0.289427216,0.538460632
f_265,0.000606816,0.000484585,1.252238879,0.216678495,0.664184189
f_266,-0.000437607,0.000487031,-0.898519061,0.373489103,0.427722065
f_267,0.00075799,0.000490726,1.544628031,0.129143551,0.888927275
f_268,0.000325979,0.000495192,0.658287955,0.513564927,0.289404644
f_269,0.000420408,0.000500387,0.840166015,0.405069084,0.392470903
f_270,-0.000607743,0.000502566,-1.209280279,0.232603228,0.633384263
f_271,-0.00017221,0.00051233,-0.33613145,0.738267819,0.131786062
f_272,0.000151274,0.000514728,0.293891995,0.770134419,0.113433467
f_273,-0.000123151,0.00051884,-0.237358652,0.813410189,0.089690392
f_274,-2.41E-05,0.000523762,-0.045959029,0.96353763,0.01613132
f_275,-4.85E-05,0.00053151,-0.091265695,0.927669349,0.032606793
f_276,-0.000185463,0.000535445,-0.346372709,0.730608533,0.13631526
f_277,-0.000266358,0.000538563,-0.49457261,0.623205819,0.2053685
f_278,-8.00E-05,0.000547126,-0.146206166,0.884383937,0.053359154
f_279,0.000885138,0.000551558,1.604795134,0.115238242,0.938403374
f_280,-0.000393848,0.000552866,-0.712375454,0.479753974,0.318981419
f_281,-0.000508598,0.00056241,-0.904319582,0.37043813,0.431284317
f_282,0.000293227,0.0005685,0.51579103,0.608418369,0.215797683
f_283,-0.00020643,0.000573524,-0.359932809,0.720509761,0.142360131
f_284,-0.001595841,0.000581254,-2.745514447,0.008532889,2.068903911
f_285,-0.000662727,0.00058464,-1.133564778,0.262726338,0.580496388
f_286,0.000544245,0.000587409,0.926518842,0.358909825,0.445014653
f_287,-0.000307938,0.000593595,-0.5187678,0.606356773,0.217271767
f_288,0.000468722,0.000597844,0.784020501,0.436961656,0.359556672
f_289,0.000196743,0.000602872,0.326342367,0.745614093,0.127485892
f_290,-0.000458735,0.000604771,-0.758525535,0.451923564,0.344935014
f_291,-0.001446067,0.000617121,-2.343246222,0.023399409,1.630795109
f_292,-0.00016404,0.000625195,-0.262382033,0.794173583,0.100084563
f_293,-0.000110987,0.000629917,-0.176193674,0.860898792,0.065047902
f_294,0.001726293,0.00063426,2.721742973,0.009079639,2.04193141
f_295,0.000478905,0.000640908,0.747229553,0.458647165,0.338521287
f_296,0.000248579,0.000643465,0.38631354,0.701007856,0.154277115
f_297,0.000654382,0.000647268,1.010989992,0.317197821,0.498669805
f_298,-7.03E-05,0.000652286,-0.107741318,0.914659521,0.038740541
f_299,0.000446217,0.000660048,0.676036691,0.502330547,0.299010411
f_300,6.35E-05,0.000666972,0.095234355,0.92453357,0.034077315
f_301,-0.000595554,0.000672415,-0.88569383,0.380291752,0.419883094
f_302,-0.000651264,0.000677485,-0.961296804,0.341322658,0.466834881
f_303,-0.000517003,0.0006854,-0.754308029,0.454427158,0.342535721
f_304,6.05E-05,0.00069272,0.087272069,0.930826026,0.031131482
f_305,0.001807761,0.000702622,2.572878062,0.013303217,1.876043336
f_306,-0.000404313,0.000709429,-0.56991338,0.571450749,0.243021194
f_307,-0.000244176,0.000719745,-0.339253678,0.735929867,0.133163572
f_308,-0.000179893,0.000724431,-0.248322726,0.804966539,0.094222172
f_309,-0.000460704,0.000733787,-0.627843508,0.533145325,0.273154394
f_310,-9.69E-06,0.000737735,-0.013135245,0.989575492,0.004551069
f_311,0.000659834,0.000752052,0.87737833,0.384744117,0.414828013
f_312,0.00056737,0.000759174,0.747351736,0.458574131,0.338590448
f_313,-2.83E-05,0.000760846,-0.037255844,0.970438806,0.013031845
f_314,0.001136555,0.000778039,1.460794269,0.150725237,0.821814023
f_315,0.000536032,0.000782451,0.685067619,0.496666163,0.303935427
f_316,-0.000826899,0.000787496,-1.050036098,0.29907088,0.524225872
f_317,0.000807459,0.000801181,1.007836507,0.31869362,0.496626631
f_318,5.41E-05,0.000807117,0.066994039,0.946870632,0.023709353
f_319,-0.000117229,0.000808204,-0.145049129,0.885292333,0.052913297
f_320,8.69E-05,0.000826338,0.105168849,0.916689387,0.037777797
f_321,-1.86E-05,0.000830515,-0.022450899,0.982183326,0.007807443
f_322,0.001952176,0.000842122,2.318162532,0.024841734,1.604818085
f_323,-5.58E-05,0.000853809,-0.065329683,0.948188602,0.02310527
f_324,0.001128339,0.000864796,1.304745862,0.198331995,0.702607219
f_325,0.001565714,0.00087479,1.789817367,0.079926993,1.097306527
f_326,-0.000207942,0.000886066,-0.234680071,0.815476466,0.088588568
f_327,0.000736014,0.000892592,0.824580182,0.413775312,0.383235425
f_328,0.000889805,0.00091314,0.974445144,0.33482438,0.475182927
f_329,-0.000774737,0.00092166,-0.840589176,0.404834293,0.392722706
f_330,0.000157914,0.000930278,0.169749092,0.865936015,0.062514197
f_331,0.00084765,0.000953708,0.888794647,0.37863988,0.421773646
f_332,0.001266213,0.000958531,1.320993801,0.192899117,0.71466976
f_333,0.000558666,0.000971422,0.575101203,0.567965934,0.245677712
f_334,0.00044091,0.000979374,0.450195605,0.654639187,0.183998001
f_335,0.001769737,0.000981199,1.803648379,0.077698111,1.109589541
f_336,-4.04E-05,0.001003051,-0.040304856,0.96802081,0.014115306
f_337,0.001461162,0.001010728,1.445652731,0.154910094,0.809920284
f_338,0.000898683,0.001031398,0.87132603,0.3880053,0.411162342
f_339,0.000409396,0.001047217,0.390937533,0.697609983,0.156387313
f_340,-0.000170761,0.001056798,-0.161583097,0.872326787,0.059320791
f_341,-0.000524712,0.001084138,-0.483989409,0.630640978,0.200217813
f_342,-0.002309146,0.001092928,-2.112807494,0.039956733,1.398410032
f_343,0.001252936,0.001109722,1.129054401,0.264604821,0.577402247
f_344,-0.000988284,0.001125871,-0.877795116,0.384520177,0.415080867
f_345,0.002017271,0.001145839,1.76051754,0.084826131,1.071470341
f_346,0.000254177,0.001179888,0.215425125,0.830368013,0.080729389
f_347,0.001364917,0.001191979,1.145084395,0.257971836,0.588427705
f_348,0.000854825,0.001202777,0.710709667,0.480776257,0.318056988
f_349,-0.002028836,0.001210733,-1.675709457,0.100436355,0.998109058
f_350,0.002260547,0.001222169,1.849619394,0.070661947,1.150814402
f_351,0.001123484,0.001227299,0.915411827,0.364648429,0.438125653
f_352,0.001110028,0.00126867,0.874954271,0.386048199,0.413358469
f_353,0.001392772,0.00129488,1.075599804,0.28759689,0.541215814
f_354,-0.002038768,0.001321467,-1.542806242,0.12958472,0.887446206
f_355,0.000475659,0.001339731,0.355040477,0.724147596,0.140172907
f_356,-5.37E-05,0.001348735,-0.039778892,0.9684379,0.013928223
f_357,0.000298642,0.001387084,0.215302236,0.830463263,0.080679575
f_358,0.00295597,0.0014187,2.083576216,0.042662376,1.369954958
f_359,-0.000536533,0.001431699,-0.374752352,0.709530352,0.149029022
f_360,0.000567205,0.001436722,0.39479088,0.694783176,0.158150706
f_361,-0.001849264,0.001468416,-1.259360353,0.214118698,0.669345407
f_362,-0.000266233,0.001520324,-0.175116044,0.86174069,0.0646234
f_363,-0.000952848,0.001534879,-0.620796931,0.537732283,0.26943389
f_364,-0.002168803,0.001562178,-1.38831984,0.171585177,0.765520232
f_365,-0.001540203,0.001569339,-0.981434377,0.331403815,0.479642496
f_366,0.001287745,0.001596358,0.806676525,0.423916149,0.372720039
f_367,0.00218804,0.001606096,1.36233478,0.179585502,0.745728726
f_368,-0.000666447,0.001632142,-0.408326648,0.684888272,0.164380271
f_369,-0.000643563,0.001656638,-0.388475508,0.699418391,0.155262952
f_370,-0.001920648,0.001685918,-1.139229441,0.260380607,0.584391366
f_371,-0.001114134,0.001731051,-0.643616996,0.522952126,0.281538067
f_372,0.001797764,0.001742898,1.031479341,0.307594929,0.512020828
f_373,0.002254014,0.001758684,1.281648322,0.206252883,0.685599971
f_374,-0.00214556,0.001813568,-1.183060053,0.242735262,0.614867129
f_375,-0.001921363,0.001841306,-1.043478734,0.302064233,0.519900696
f_376,-0.001370779,0.001900031,-0.721450548,0.4742062,0.324032772
f_377,0.001407644,0.001926401,0.73071185,0.468582296,0.329214124
f_378,-0.000426606,0.001970178,-0.216531846,0.829510326,0.081178203
f_379,0.001088352,0.002008345,0.541914742,0.590437324,0.228826197
f_380,-0.00091644,0.002080971,-0.440390473,0.661673171,0.179356475
f_381,0.000521998,0.002112966,0.247044927,0.80594941,0.093692219
f_382,0.002851794,0.002138125,1.33378249,0.188702884,0.724221462
f_383,0.001071261,0.002183796,0.490549823,0.62602739,0.203406665
f_384,0.000987389,0.002232453,0.442289029,0.660308755,0.180252944
f_385,0.002424593,0.002286704,1.060300005,0.294426679,0.53102284
f_386,-0.000637437,0.002357246,-0.270416051,0.788024148,0.103460474
f_387,0.00024482,0.002396643,0.102151286,0.919071177,0.036650854
f_388,-0.002270246,0.002434783,-0.932422336,0.355883674,0.448691934
f_389,0.00334793,0.00251045,1.333597244,0.188763167,0.724082744
f_390,0.003874888,0.002592483,1.494662701,0.141686792,0.848670634
f_391,0.002912587,0.00262026,1.111564366,0.271979367,0.565464041
f_392,-0.000525973,0.002656142,-0.198021297,0.843882414,0.073718064
f_393,-0.000185288,0.002712203,-0.068316279,0.945823683,0.024189816
f_394,-0.000887125,0.002791243,-0.317824225,0.752026094,0.12376709
f_395,0.000310141,0.002797081,0.110880123,0.912183554,0.039917762
f_396,0.002182299,0.002950488,0.739640059,0.463196918,0.334234339
f_397,0.001524043,0.002992991,0.509203855,0.612991808,0.212545329
f_398,0.003165707,0.002999805,1.055304243,0.296680888,0.52771043
f_399,-0.001398602,0.003105609,-0.45034701,0.654530818,0.1840699
f_400,0.003297894,0.003125013,1.055321706,0.296672987,0.527721996
R-squared,0.926510841,NA,NA,NA,
Adjusted R-squared,0.301071188,NA,NA,NA,
